POA_CODE,State,0-4 years,5-9 years,10-14 years,15-19 years,20-24 years,25-29 years,30-34 years,35-39 years,40-44 years,45-49 years,50-54 years,55-59 years,60-64 years,65-69 years,70-74 years,75-79 years,80-84 years,85-89 years,90-94 years,95-99 years,100 years and over
2000, NSW,698,292,260,1040,4791,6015,4661,2703,1450,1105,1040,890,780,660,449,268,158,107,40,10,0
2006, NSW,0,5,13,556,579,39,13,6,10,7,3,9,4,5,3,3,0,0,0,0,0
2007, NSW,198,105,69,704,2737,1783,1067,627,366,274,203,168,165,144,75,68,48,28,13,4,0
2008, NSW,208,100,96,974,3610,2552,1476,744,432,367,319,268,202,171,94,53,25,11,10,6,0
2009, NSW,606,341,245,277,1154,2016,2070,1446,904,687,679,651,576,497,309,177,104,49,14,0,0
2010, NSW,689,402,259,448,2160,5138,4787,3088,2324,1872,1660,1338,1097,867,581,421,309,187,82,18,0
2011, NSW,393,217,174,419,1895,3627,3402,2118,1620,1396,1190,1192,952,879,585,385,305,242,133,50,4
2015, NSW,553,343,219,220,746,1662,1633,1150,896,712,531,424,316,209,143,70,69,27,10,4,0
2016, NSW,467,257,194,272,1172,2182,1877,1200,977,895,809,716,588,520,341,358,218,137,33,3,0
2017, NSW,1034,483,312,1507,3853,4707,3862,2170,1302,1058,905,849,699,683,483,355,278,106,38,9,0
2018, NSW,998,827,770,983,1587,1748,1758,1287,1165,1075,952,794,730,675,565,504,334,198,69,12,0
2019, NSW,807,764,659,552,696,762,854,897,956,793,755,568,472,390,304,242,167,113,61,7,0
2020, NSW,860,610,484,838,1556,2183,1886,1354,968,783,735,657,539,391,302,270,195,93,35,12,0
2021, NSW,806,674,524,441,1010,1943,1877,1522,1170,1060,922,769,633,648,568,354,190,129,58,11,0
2022, NSW,739,615,481,460,780,1441,1383,1192,900,822,659,631,512,514,411,356,296,184,96,21,3
2023, NSW,574,679,685,669,624,830,900,780,770,769,666,618,539,599,394,249,181,100,65,22,6
2024, NSW,695,727,604,502,466,788,1043,994,893,855,745,562,454,453,327,268,245,216,172,55,4
2025, NSW,422,387,287,250,366,626,661,588,506,464,457,408,384,470,351,303,196,156,87,31,4
2026, NSW,1936,1564,1169,938,1891,4575,5100,3448,2614,2129,1549,1278,1045,1082,674,601,401,308,150,34,0
2027, NSW,325,277,296,297,322,755,750,594,466,484,464,486,531,565,534,381,258,220,152,36,0
2028, NSW,221,156,154,156,243,532,547,360,290,251,215,267,236,301,225,193,128,88,54,20,3
2029, NSW,609,623,562,488,494,676,899,852,828,628,600,471,451,505,434,283,244,168,103,30,0
2030, NSW,811,1072,1101,1032,818,605,638,829,1045,1113,1050,921,779,709,542,364,266,208,142,25,10
2031, NSW,2184,1894,1435,1363,2631,3744,3972,3268,2696,2328,1923,1708,1395,1204,936,695,514,489,259,86,16
2032, NSW,622,693,583,1284,3543,2083,1163,900,903,834,779,673,621,561,427,405,309,216,90,11,0
2033, NSW,540,514,411,768,1712,1510,1133,899,677,589,587,472,355,390,296,259,217,160,58,20,0
2034, NSW,1269,1067,912,806,1233,2218,2449,2019,1617,1445,1245,1030,929,787,597,430,310,240,94,18,0
2035, NSW,1944,1966,1790,1895,2803,2710,2659,2612,2495,2298,2091,1926,1659,1478,1294,1051,850,621,278,55,4
2036, NSW,1694,1795,1628,1802,1994,2043,2117,2164,2287,2217,2170,1825,1666,1557,1242,860,633,452,194,62,3
2037, NSW,632,497,423,708,2007,2263,1806,1251,1078,937,879,902,806,748,505,295,185,123,48,17,0
2038, NSW,626,551,394,351,641,804,883,911,869,736,631,523,485,415,241,164,116,76,31,4,0
2039, NSW,628,546,337,252,376,649,936,972,875,717,565,491,484,399,251,127,62,36,10,4,0
2040, NSW,1836,1542,1088,724,1241,1489,1918,2196,2144,1838,1437,1163,1020,843,613,407,345,234,127,34,0
2041, NSW,1036,951,747,522,664,975,1214,1366,1433,1288,1239,1017,982,901,652,325,199,110,50,11,0
2042, NSW,821,638,469,627,2009,3234,2551,1878,1612,1316,1100,875,677,485,305,219,174,101,26,7,0
2043, NSW,423,293,174,178,536,1247,1321,1011,765,615,471,363,239,162,88,67,41,24,11,0,0
2044, NSW,483,385,302,277,618,791,902,777,668,590,474,409,369,273,174,138,100,66,29,6,0
2045, NSW,293,438,476,384,354,296,262,335,469,530,548,438,367,302,236,219,238,171,85,13,4
2046, NSW,1729,1701,1359,1169,1203,1426,1996,2170,2270,2076,1853,1686,1452,1377,998,866,690,529,217,49,3
2047, NSW,725,642,540,469,521,867,1143,1005,943,829,792,697,618,645,508,318,295,229,110,47,0
2048, NSW,417,389,311,263,624,1045,905,711,694,563,481,376,284,290,205,170,122,66,21,10,0
2049, NSW,567,536,438,460,822,1276,1269,1027,948,868,709,623,515,417,293,217,143,118,32,10,0
2050, NSW,344,212,126,330,1421,1533,1307,945,701,501,427,347,255,217,120,80,65,34,8,8,0
2052, NSW,11,4,0,912,1919,342,111,43,23,15,9,14,10,7,4,4,0,0,0,0,0
2060, NSW,587,450,384,488,813,1786,1856,1370,945,916,766,760,728,715,555,369,217,168,73,24,4
2061, NSW,212,123,108,100,315,680,744,539,396,346,373,431,392,391,317,242,128,70,38,9,0
2062, NSW,540,455,286,184,312,527,737,701,655,524,407,421,344,339,254,153,79,52,23,10,0
2063, NSW,356,544,527,433,283,196,237,385,475,497,519,385,345,349,256,173,141,133,95,14,9
2064, NSW,627,683,520,408,522,864,1086,975,828,644,526,464,408,350,206,156,123,89,46,5,0
2065, NSW,2070,1357,968,932,1610,3223,4071,3299,2492,1955,1659,1554,1343,1264,885,569,426,279,128,27,6
2066, NSW,2156,2014,1917,1700,1724,2449,2880,2698,2453,2167,1949,1738,1465,1285,1004,733,537,426,263,59,5
2067, NSW,1652,1532,1146,1476,2165,2476,2628,2361,1942,1674,1450,1285,1153,1094,735,565,501,330,188,37,0
2068, NSW,1183,1437,1294,1002,778,566,841,1209,1498,1470,1217,1022,839,787,547,403,334,247,107,26,5
2069, NSW,796,1147,1126,1018,788,620,693,871,1075,1143,1046,859,776,683,553,395,296,219,118,27,4
2070, NSW,723,1028,1073,993,792,531,680,812,935,1087,1011,864,702,639,495,417,323,225,134,36,0
2071, NSW,622,906,1029,1177,894,617,616,757,897,1073,1087,878,679,658,478,391,323,265,151,43,0
2072, NSW,358,468,553,631,464,392,446,470,537,614,570,496,442,325,286,213,134,137,92,31,5
2073, NSW,925,1352,1354,1335,930,562,709,959,1211,1410,1340,1033,815,792,582,389,300,225,101,25,0
2074, NSW,1078,1576,1660,1614,1129,701,820,1196,1534,1771,1627,1382,1116,1117,1031,883,787,713,389,119,0
2075, NSW,1164,1601,1514,1399,1007,670,884,1278,1532,1583,1509,1251,1069,991,975,807,619,408,166,23,5
2076, NSW,1252,1649,2002,2182,1347,920,1038,1388,1691,1926,1851,1539,1288,1192,998,827,685,502,291,78,4
2077, NSW,2727,2630,2048,1886,2012,2599,3481,3530,3232,2618,2237,2048,1819,1599,1119,864,614,438,235,60,0
2079, NSW,420,532,519,449,458,366,369,453,570,544,569,588,417,269,215,164,83,65,29,6,0
2080, NSW,106,142,113,118,95,57,80,108,149,136,123,143,80,99,64,36,18,20,5,3,0
2081, NSW,350,419,399,417,306,206,271,321,443,461,452,387,273,246,186,123,67,33,15,0,0
2082, NSW,388,434,423,355,228,179,240,383,507,440,384,328,322,314,231,108,71,41,14,5,0
2083, NSW,54,78,83,87,67,64,50,75,88,120,147,158,121,119,97,61,27,8,8,0,0
2084, NSW,181,250,275,274,175,123,136,176,262,321,301,252,197,203,188,122,68,61,34,13,0
2085, NSW,584,888,815,808,543,324,362,566,914,901,821,597,587,704,735,539,417,293,174,55,0
2086, NSW,886,1157,1105,951,706,437,524,812,1194,1196,1000,735,643,580,582,434,260,142,49,4,0
2087, NSW,686,1175,1089,946,553,350,425,730,1142,1059,946,705,572,524,545,542,402,273,105,32,0
2088, NSW,1488,1779,1742,1573,1280,1518,1892,1928,2160,2185,2082,1857,1533,1605,1396,903,640,516,288,96,8
2089, NSW,653,501,345,301,598,1424,1550,1319,1006,769,626,600,573,520,386,275,173,143,117,30,0
2090, NSW,853,646,507,423,561,1198,1542,1288,1106,931,837,765,808,832,592,377,235,140,66,7,3
2092, NSW,475,698,640,480,378,223,226,430,689,634,557,466,340,275,238,165,92,78,54,3,3
2093, NSW,1662,1945,1688,1267,1006,1082,1403,1746,2044,1947,1665,1312,1029,939,726,510,377,326,156,43,0
2094, NSW,404,346,280,235,215,449,581,535,486,398,381,377,270,287,220,158,95,77,33,6,0
2095, NSW,855,703,496,540,813,1759,2072,1629,1200,1010,915,831,711,681,619,364,292,219,105,42,0
2096, NSW,1029,982,858,661,683,1196,1594,1390,1307,1153,925,750,630,532,357,240,158,132,62,11,0
2097, NSW,938,1107,1076,1048,814,845,971,1041,1214,1230,1100,935,791,699,593,416,282,252,136,31,0
2099, NSW,2677,2506,2204,2076,2215,2719,3354,3284,3224,3068,2678,2269,1889,1651,1346,1084,774,581,250,73,3
2100, NSW,1379,1628,1385,1310,1120,1041,1198,1500,1722,1687,1457,1291,1005,905,703,583,464,333,162,30,0
2101, NSW,1269,1192,1103,903,893,1094,1235,1400,1469,1359,1301,1183,1015,1027,777,659,535,498,375,121,4
2102, NSW,554,640,512,445,382,285,440,550,668,572,499,401,356,330,270,217,165,116,70,16,5
2103, NSW,570,714,607,599,547,454,509,663,736,704,741,709,711,677,558,425,341,230,146,28,0
2104, NSW,115,177,193,170,158,97,95,112,181,201,222,237,275,308,321,264,182,167,110,33,3
2105, NSW,62,103,128,105,75,34,48,68,117,157,187,189,160,158,118,82,32,19,3,4,0
2106, NSW,498,613,637,580,538,456,386,475,669,720,809,754,621,557,441,257,149,101,48,7,0
2107, NSW,793,1081,1052,953,671,460,479,722,1000,1132,1223,1209,1084,945,738,471,313,224,100,34,0
2108, NSW,53,66,73,63,80,64,36,44,77,96,124,135,175,199,185,101,53,27,15,5,0
2109, NSW,101,53,30,411,923,482,358,180,92,54,39,54,36,44,31,40,45,58,53,13,0
2110, NSW,510,701,807,992,493,364,423,495,698,770,687,623,552,588,427,331,251,333,250,63,6
2111, NSW,883,874,817,720,776,868,1023,1070,1200,1098,1005,862,763,738,553,437,329,257,114,30,0
2112, NSW,2079,1936,1722,1811,2322,2788,2837,2590,2252,2213,2094,1839,1577,1397,982,831,728,563,243,46,4
2113, NSW,1174,1055,927,895,1338,1453,1632,1527,1313,1205,1180,1098,948,731,511,523,397,303,128,24,0
2114, NSW,1601,1336,1039,1120,1598,2470,2728,2155,1703,1450,1446,1370,1182,982,657,518,356,234,98,19,0
2115, NSW,871,704,615,614,636,712,867,836,774,718,702,622,603,505,304,247,184,155,70,23,0
2116, NSW,451,444,396,439,395,422,493,471,513,512,501,454,299,255,213,153,110,89,24,4,0
2117, NSW,1386,1431,1194,1338,1314,1438,1712,1528,1558,1502,1565,1375,1141,882,643,563,414,227,78,18,0
2118, NSW,1501,1666,1407,1670,1506,1383,1634,1715,1688,1666,1684,1564,1365,1179,922,749,534,328,148,41,4
2119, NSW,536,827,860,854,770,412,416,585,807,864,905,812,744,618,547,424,308,209,119,37,0
2120, NSW,1223,1437,1338,1473,1223,816,1006,1364,1571,1601,1472,1336,1125,1013,791,653,388,251,99,31,3
2121, NSW,1527,1768,1635,1923,2272,2107,1948,1966,1947,1820,1957,1831,1601,1221,830,703,556,380,169,44,5
2122, NSW,1720,1587,1252,1607,3231,3025,2643,2213,1868,1777,1941,1761,1710,1349,1038,819,690,559,303,73,8
2123, NSW,0,0,0,0,0,0,0,0,0,0,0,0,0,0,0,0,0,0,0,0,0
2125, NSW,884,1087,1058,1206,1101,790,812,960,1058,1116,1256,1291,1235,952,678,393,225,174,79,18,0
2126, NSW,766,1189,1475,1594,1278,825,738,956,1370,1498,1536,1421,1216,987,671,467,333,253,155,42,0
2127, NSW,1173,781,510,464,920,1913,2495,1648,1127,866,739,618,526,364,200,92,57,28,19,0,0
2128, NSW,216,153,118,146,406,584,635,582,393,299,200,168,103,77,42,22,10,7,0,0,0
2129, NSW,0,0,0,0,0,0,0,0,0,0,0,0,0,0,0,0,0,0,0,0,0
2130, NSW,416,429,283,274,464,777,810,707,626,518,495,382,330,277,163,104,103,69,47,22,0
2131, NSW,1247,916,783,990,2218,3248,2746,1875,1505,1352,1362,1213,1060,860,660,586,523,394,222,84,3
2132, NSW,516,630,611,640,693,815,652,709,754,729,744,701,558,468,384,357,318,189,107,23,3
2133, NSW,647,719,649,677,682,728,767,775,888,836,813,611,582,546,374,302,214,154,47,15,0
2134, NSW,650,477,441,867,2639,2675,1582,966,742,756,863,804,644,522,367,341,319,235,100,37,0
2135, NSW,1071,1026,1098,1584,2951,3429,2440,1607,1253,1404,1503,1374,1086,891,722,604,518,399,224,53,3
2136, NSW,422,402,430,486,573,555,560,484,500,490,522,489,358,317,265,197,166,115,42,9,0
2137, NSW,1523,1550,1404,1407,1669,1920,2093,1855,1904,1906,1785,1712,1419,1321,1016,830,554,384,203,40,9
2138, NSW,1372,868,687,845,2399,3228,2780,1704,1195,885,916,832,735,564,386,246,193,118,59,8,0
2139, NSW,0,0,0,0,6,4,7,0,8,5,5,4,12,3,0,0,0,4,0,0,0
2140, NSW,1135,718,589,779,1622,2738,2550,1435,936,771,757,638,541,309,219,189,123,70,24,4,0
2141, NSW,1787,1459,1234,1622,2612,3412,2883,2101,1735,1742,1814,1834,1458,1036,647,520,395,241,119,26,3
2142, NSW,2236,1663,1370,1313,2214,3301,3241,2251,1653,1358,1304,1168,1001,808,546,386,270,138,54,9,0
2143, NSW,600,616,560,580,704,752,701,566,521,562,594,608,487,380,232,191,137,93,41,11,0
2144, NSW,2884,2384,1984,2204,3818,5191,3977,2680,2007,1994,1983,1739,1329,990,743,593,393,283,169,30,4
2145, NSW,6505,6036,4440,3867,4556,5975,8241,7615,5680,4564,4207,3868,3383,3287,2404,1855,1318,881,443,95,12
2146, NSW,1267,1243,1051,988,1075,1247,1642,1447,1267,1132,986,983,845,777,614,440,268,130,56,11,0
2147, NSW,2545,2446,2134,2281,2191,2506,2693,2757,2512,2415,2307,2270,2108,1862,1243,827,684,377,157,33,5
2148, NSW,4914,4311,3656,3806,4346,5267,6003,5045,4167,3645,3605,3372,3019,2428,1773,1478,1088,693,370,72,4
2150, NSW,2829,1536,844,890,2471,5082,6008,3576,1742,1266,1177,1084,942,681,440,356,262,177,100,26,3
2151, NSW,1473,1327,1175,1207,1192,1475,1978,1870,1649,1331,1333,1213,1063,941,747,493,348,274,167,60,3
2152, NSW,841,712,563,494,525,886,1074,936,835,717,592,530,487,501,423,398,320,234,117,23,0
2153, NSW,3860,4381,3702,3448,3246,2798,3615,4446,4504,4057,3607,3259,2944,2934,2355,1507,953,606,284,54,4
2154, NSW,2171,2804,2738,2743,2365,1808,2047,2609,2880,2794,2760,2573,2311,2167,1595,1089,835,743,415,130,5
2155, NSW,4208,5135,4960,4217,3263,2747,3647,4692,5324,4536,3438,2830,2233,1723,1182,686,387,166,61,13,0
2156, NSW,574,847,989,976,832,580,432,610,819,973,938,923,819,803,671,493,343,217,73,18,0
2157, NSW,205,251,282,291,237,171,159,200,240,300,311,272,234,229,133,106,60,39,16,0,0
2158, NSW,400,567,599,675,590,363,313,395,568,673,712,569,492,517,406,283,203,151,84,29,0
2159, NSW,233,326,385,336,283,204,204,214,348,380,368,370,298,289,245,184,126,107,58,17,3
2160, NSW,2870,2488,2142,2219,2905,3374,3338,2640,2180,2113,2123,1838,1524,1260,956,746,606,430,169,41,3
2161, NSW,2801,2518,2099,2057,2605,2863,2695,2185,1795,1736,1724,1612,1348,1015,720,619,433,372,193,40,3
2162, NSW,1361,1387,1369,1395,1349,1233,1248,1104,1114,1233,1248,1156,920,748,501,401,377,328,128,33,0
2163, NSW,626,646,597,638,711,761,652,647,635,646,603,603,536,416,255,222,157,149,75,16,0
2164, NSW,1286,1362,1208,1279,1348,1349,1266,1216,1293,1220,1209,1249,1157,1047,706,631,471,227,92,14,0
2165, NSW,2747,2847,2841,2924,3145,3101,2983,2738,2791,2910,2825,2622,2191,1769,1403,1125,779,494,171,26,6
2166, NSW,3286,3231,3339,3857,4297,3819,3584,3125,3522,3811,3734,3587,2805,2127,1405,1151,981,709,299,84,5
2167, NSW,816,697,583,567,605,648,873,844,686,605,560,534,457,346,238,178,153,142,89,17,0
2168, NSW,2961,3319,3460,3631,3414,2834,2785,2743,2738,2860,3175,2866,2138,1499,1119,945,583,282,72,27,0
2170, NSW,8261,7908,7121,6876,7220,7605,8281,7883,7414,6817,6453,5916,4861,4247,3037,2365,1603,1068,425,95,6
2171, NSW,2866,2991,3004,2783,2353,2337,2819,2818,2856,2548,2300,1754,1290,940,552,326,215,80,24,7,0
2172, NSW,193,210,217,204,176,175,168,189,237,256,228,178,128,99,67,31,17,3,3,0,0
2173, NSW,1214,1110,1034,1154,1161,1072,1228,1173,1173,1084,991,751,470,316,226,134,86,40,10,3,0
2174, NSW,255,203,157,159,138,185,237,244,194,113,113,84,57,45,21,24,22,9,4,0,0
2175, NSW,96,91,133,124,124,110,102,100,132,134,121,124,112,95,96,71,60,26,6,0,0
2176, NSW,2545,2833,3151,3468,3666,3322,2854,2673,2897,3173,3397,3684,3202,2559,1627,1229,786,511,189,27,3
2177, NSW,859,1117,1123,1225,1310,1078,1064,966,1013,1094,1155,1161,995,690,445,293,186,138,52,21,0
2178, NSW,203,255,289,357,359,239,199,216,282,327,278,269,262,243,149,118,96,53,29,7,0
2179, NSW,432,413,397,403,450,440,441,409,366,446,411,340,356,327,296,235,162,131,57,13,0
2190, NSW,1883,2186,2083,1996,1921,1634,1677,1602,1521,1537,1575,1410,1186,972,726,627,462,341,176,34,5
2191, NSW,412,426,431,395,377,361,423,406,430,473,471,341,331,310,241,210,158,85,36,13,0
2192, NSW,794,785,675,772,861,1026,1034,911,821,891,812,724,621,538,486,408,305,172,59,20,0
2193, NSW,836,836,832,833,1030,1283,1170,1123,1122,1096,1169,918,775,696,517,455,324,171,64,12,5
2194, NSW,1489,1217,1038,1327,2091,2798,2687,1874,1570,1513,1601,1422,1179,788,625,537,389,259,106,28,0
2195, NSW,2903,2262,1586,1348,2063,2812,2916,2516,1686,1367,1284,1147,917,686,570,411,317,234,91,32,0
2196, NSW,2416,2451,2227,2236,2407,2465,2404,2148,2024,2038,1893,1736,1463,1178,906,768,536,348,145,11,3
2197, NSW,667,712,690,643,666,589,577,604,519,553,562,518,426,381,323,245,187,125,59,14,0
2198, NSW,653,676,666,596,553,504,536,618,621,558,456,451,415,475,439,288,214,152,118,50,3
2199, NSW,1382,1383,1221,1262,1246,1347,1230,1170,1141,1081,1046,1101,919,762,491,404,344,302,140,33,3
2200, NSW,3781,3218,2773,2701,3396,3783,3718,3012,2834,2520,2537,2418,1944,1569,1151,928,694,462,205,49,4
2203, NSW,751,757,641,584,921,1252,1332,1210,1181,1088,969,774,578,502,393,344,225,125,56,14,0
2204, NSW,1440,1310,1016,906,2016,2935,2880,2299,2177,1887,1543,1440,1170,979,759,652,554,351,151,33,3
2205, NSW,1148,775,686,872,2202,3479,2732,1614,1133,877,816,738,672,534,362,311,223,156,87,27,0
2206, NSW,1073,1260,1243,1164,1032,955,1047,1236,1595,1539,1339,1178,959,925,855,792,618,402,167,36,3
2207, NSW,1801,1782,1625,1688,1772,1748,2046,1982,2007,1828,1822,1668,1479,1345,1051,921,848,639,384,83,8
2208, NSW,750,793,698,813,705,776,812,856,881,866,828,710,678,643,508,402,370,227,105,22,0
2209, NSW,945,908,867,944,1067,1115,1185,1017,1093,998,1102,1002,921,776,515,478,427,280,102,24,0
2210, NSW,1701,1839,1721,1905,1922,1882,1906,1786,1933,1999,2099,2037,1734,1627,1346,1130,941,643,351,86,11
2211, NSW,980,932,958,1066,1067,1088,1166,1036,1086,1091,1240,1169,965,788,613,537,451,387,188,30,7
2212, NSW,1034,1041,951,922,1077,1114,1094,1120,1070,1029,1007,1046,867,702,497,389,395,266,183,35,0
2213, NSW,1432,1534,1444,1404,1363,1183,1356,1481,1626,1502,1512,1452,1231,986,677,652,466,331,135,19,0
2214, NSW,261,254,281,241,269,219,242,249,289,272,240,215,232,276,257,91,39,20,11,0,0
2216, NSW,1651,1307,1090,1244,2212,3308,3218,2309,1852,1711,1600,1395,1265,1150,893,724,581,353,150,36,0
2217, NSW,1751,1521,1253,1316,1830,2643,2653,2150,1884,1723,1631,1358,1187,1117,901,737,585,390,173,40,0
2218, NSW,1047,852,766,898,1246,1640,1649,1151,1033,1057,1052,989,892,725,501,379,274,177,75,27,0
2219, NSW,722,774,714,663,570,679,804,869,963,1022,889,909,802,789,633,541,385,293,140,30,0
2220, NSW,1766,1510,1343,1900,3469,4542,3180,2141,1728,1823,1942,1814,1494,1132,886,718,568,347,150,40,0
2221, NSW,899,1060,1106,1215,1095,915,816,961,1119,1206,1238,1046,880,878,652,488,386,296,189,40,6
2222, NSW,782,676,645,760,950,1195,1131,913,855,819,863,784,680,538,381,306,242,175,67,20,0
2223, NSW,1302,1287,1204,1201,1283,1291,1567,1533,1492,1457,1430,1407,1208,967,752,541,390,368,177,52,0
2224, NSW,861,857,859,808,754,629,752,858,980,993,946,862,772,807,772,627,469,385,184,36,0
2225, NSW,385,487,422,337,266,204,280,358,478,430,362,330,316,259,191,117,84,69,22,4,0
2226, NSW,862,1021,842,724,676,556,707,860,1079,970,842,834,680,618,433,261,224,192,101,23,0
2227, NSW,925,986,1002,903,800,748,873,914,1152,1166,1021,892,803,683,619,432,363,242,88,16,0
2228, NSW,1186,1124,1039,1039,965,1131,1230,1216,1304,1256,1176,1123,936,828,722,664,604,517,216,76,6
2229, NSW,1853,1888,1745,1695,1606,1608,1738,1824,2127,1903,1847,1862,1635,1446,1145,933,827,700,274,67,0
2230, NSW,1497,1432,1424,1438,1735,2429,2285,1893,1865,1965,2037,2138,1891,1626,1134,738,597,468,203,38,0
2231, NSW,175,187,205,123,100,104,146,155,197,168,146,132,119,109,92,47,40,15,0,0,0
2232, NSW,2202,2083,1937,1804,1772,2156,2360,2381,2509,2259,2141,1864,1662,1625,1431,1024,734,542,289,88,4
2233, NSW,1970,2341,2103,1869,1644,1384,1629,2084,2267,2050,1881,1756,1679,1565,1339,814,534,354,177,52,5
2234, NSW,1674,1889,2090,2350,2353,1749,1485,1652,1928,2187,2443,2700,2210,1593,900,569,340,306,145,17,5
2250, NSW,3926,4210,4124,4155,3885,3953,4010,4017,4393,4504,4682,4552,3865,3601,2876,2247,1807,1414,769,191,17
2251, NSW,1812,2113,2191,2065,1561,1439,1454,1721,2176,2263,2268,2318,2091,2100,1729,1328,960,752,292,58,8
2256, NSW,778,782,767,775,760,720,770,849,932,1011,1050,1129,1094,1140,1044,750,565,417,208,50,3
2257, NSW,1629,1708,1495,1520,1388,1244,1502,1584,1830,1878,1896,2010,2005,2165,1874,1274,920,680,331,84,0
2258, NSW,273,375,371,333,358,311,284,282,334,388,410,383,337,256,215,126,68,43,14,0,0
2259, NSW,3597,4151,4221,4006,3430,3008,3247,3429,3931,4117,3878,3718,3340,3474,2940,2262,1419,873,363,107,3
2260, NSW,1395,1623,1562,1507,1278,1224,1297,1365,1618,1695,1596,1608,1529,1415,1090,720,495,263,107,24,0
2261, NSW,3157,3384,3106,3097,2906,2862,3136,3056,3264,3307,3508,3555,3338,3204,2524,1940,1548,1203,542,117,14
2262, NSW,1390,1440,1391,1376,1309,1175,1199,1150,1256,1345,1282,1311,1210,1193,1009,861,494,315,110,16,0
2263, NSW,1384,1346,1308,1296,1453,1355,1321,1218,1297,1420,1488,1610,1670,1675,1366,1160,919,633,270,74,7
2264, NSW,754,784,807,823,759,715,728,671,755,843,872,978,987,962,981,760,545,362,130,20,0
2265, NSW,334,332,324,375,408,314,276,282,353,357,367,375,360,313,283,251,210,173,94,28,0
2267, NSW,117,131,142,114,113,100,128,139,130,162,184,241,244,293,226,139,95,56,14,0,0
2278, NSW,186,160,165,199,156,161,180,181,170,177,188,214,188,132,55,27,13,11,8,0,0
2280, NSW,1446,1720,1650,1767,1529,1125,1313,1401,1723,1910,1854,1847,1813,1776,1332,1001,754,482,196,46,0
2281, NSW,733,774,733,863,655,605,629,681,821,927,1043,1106,1066,1053,929,677,506,326,132,18,0
2282, NSW,785,884,1025,989,760,563,718,780,1030,1094,994,1039,973,965,820,571,401,257,104,18,0
2283, NSW,1233,1198,1385,1428,1215,1138,1079,1129,1422,1431,1545,1733,1746,1808,1447,929,655,467,245,54,3
2284, NSW,605,600,538,650,651,612,598,543,620,711,774,794,649,686,484,340,292,234,91,25,0
2285, NSW,2388,2202,1995,1840,1799,2062,2469,2194,2125,1937,1844,1730,1579,1482,1082,761,556,412,209,54,0
2286, NSW,271,273,252,267,195,260,267,254,233,261,263,244,249,242,149,100,72,28,4,0,0
2287, NSW,2467,2379,2297,2306,2861,2505,2503,2393,2462,2314,2160,2090,1965,1789,1393,965,715,520,249,54,0
2289, NSW,1222,1334,1222,1168,1173,1107,1227,1320,1372,1396,1253,1103,925,849,806,622,502,345,133,31,4
2290, NSW,2106,2221,1976,1970,1880,2046,2205,2075,2126,2208,2132,2184,1889,1692,1532,1219,968,650,279,52,5
2291, NSW,703,848,802,758,981,1043,841,827,948,920,950,950,757,661,460,368,272,222,87,16,3
2292, NSW,157,150,130,128,197,200,237,197,150,175,144,156,132,90,83,53,33,23,16,4,0
2293, NSW,129,104,92,95,233,274,273,196,159,139,142,201,150,107,78,50,46,20,13,3,0
2294, NSW,120,103,55,58,151,256,209,167,100,117,119,124,113,95,64,29,32,19,4,0,0
2295, NSW,361,337,301,293,256,356,351,382,372,419,507,549,600,595,463,337,221,147,63,14,5
2296, NSW,113,97,74,70,171,237,199,151,149,132,110,124,92,64,44,26,28,6,4,0,0
2297, NSW,115,111,89,86,109,120,149,136,124,130,133,116,66,67,40,33,27,21,9,0,0
2298, NSW,561,469,372,459,1084,832,794,568,558,523,504,598,443,346,312,278,277,266,187,60,9
2299, NSW,733,673,610,677,1290,985,851,693,699,636,638,601,508,409,374,287,239,192,104,9,0
2300, NSW,342,360,334,412,1110,1433,990,702,610,677,694,733,681,559,388,280,131,102,44,4,0
2302, NSW,7,3,4,16,104,80,56,29,37,28,30,44,37,42,15,9,11,7,0,0,0
2303, NSW,441,489,441,466,821,639,549,539,592,620,707,615,569,497,352,281,240,172,95,17,0
2304, NSW,928,751,608,693,1299,1438,1349,991,930,927,962,1007,848,666,488,397,345,276,207,46,4
2305, NSW,798,871,836,748,779,666,723,777,936,916,865,836,736,633,446,332,251,217,105,18,5
2306, NSW,232,259,250,206,205,196,195,180,204,206,223,240,210,209,137,108,67,35,11,0,0
2307, NSW,247,202,188,200,502,392,292,233,203,169,222,186,185,177,173,130,109,57,30,4,0
2308, NSW,0,0,0,529,731,45,9,6,0,0,6,0,3,0,3,0,0,0,0,0,0
2311, NSW,44,67,51,50,29,43,56,38,41,53,57,85,74,58,53,39,29,13,4,0,0
2312, NSW,79,91,119,103,56,46,53,62,76,113,115,127,96,117,105,56,30,21,10,0,0
2314, NSW,0,0,0,22,68,62,19,12,3,8,11,3,0,0,0,0,0,0,0,0,0
2315, NSW,617,783,760,718,601,543,605,657,852,838,957,1033,1114,1356,1223,823,537,358,220,56,4
2316, NSW,269,301,393,435,307,221,210,247,381,429,443,465,394,446,395,262,152,79,18,0,0
2317, NSW,251,348,369,327,228,220,220,266,332,341,401,431,431,531,520,449,304,185,69,16,0
2318, NSW,856,884,868,782,640,600,755,785,943,831,881,764,696,708,542,336,172,76,28,8,0
2319, NSW,367,449,372,298,267,310,328,286,356,372,453,530,574,591,492,299,174,92,47,11,0
2320, NSW,2625,2697,2358,2194,2206,2276,2338,2266,2342,2313,2155,2034,1870,1658,1269,774,551,403,180,48,0
2321, NSW,1141,1124,1009,929,836,1008,1046,911,983,929,944,930,816,786,483,355,229,128,30,7,0
2322, NSW,1314,1359,1191,1198,1120,1281,1205,1111,1244,1231,1271,1238,1063,981,686,506,259,140,56,12,0
2323, NSW,1657,1802,1756,1693,1534,1601,1666,1593,1686,1743,1648,1601,1530,1397,987,767,566,338,134,16,3
2324, NSW,1329,1498,1388,1392,1358,1237,1123,1172,1267,1445,1674,1623,1771,1769,1403,983,644,380,142,39,4
2325, NSW,1882,1945,1784,1720,1844,1773,1825,1597,1819,1833,1766,1936,1734,1649,1223,845,658,397,190,34,5
2326, NSW,469,575,457,463,433,403,488,435,489,474,472,529,472,427,343,191,117,67,18,6,0
2327, NSW,493,445,439,480,501,548,415,414,439,526,429,504,505,479,352,228,188,136,69,22,5
2328, NSW,143,161,187,165,117,101,127,161,163,188,167,160,139,142,131,72,60,36,15,3,0
2329, NSW,140,156,131,126,77,119,93,111,130,143,129,155,151,136,90,100,62,45,16,5,0
2330, NSW,1423,1579,1400,1360,1221,1364,1314,1289,1449,1471,1439,1342,1082,901,628,442,327,215,78,28,0
2331, NSW,0,0,0,127,125,33,20,3,3,9,3,0,0,0,0,0,0,0,0,0,0
2333, NSW,1106,1083,965,821,839,981,1036,886,857,935,977,814,689,580,431,275,213,99,40,9,0
2334, NSW,237,243,242,178,164,224,206,214,197,170,143,148,127,144,106,47,27,14,6,3,0
2335, NSW,471,521,459,407,317,354,450,457,428,470,378,411,346,292,179,104,66,44,17,6,0
2336, NSW,167,190,195,150,129,157,165,163,174,148,203,196,158,161,103,72,48,30,12,0,0
2337, NSW,477,604,572,459,380,518,508,464,533,526,491,526,470,400,318,256,186,128,41,26,9
2338, NSW,61,85,87,64,68,47,60,74,93,91,107,91,131,117,98,56,54,36,10,3,0
2339, NSW,46,50,38,37,27,40,40,37,38,39,52,46,65,48,37,26,9,8,0,0,0
2340, NSW,3343,3467,3404,3173,2827,3174,3045,2801,2990,3173,3088,3144,2908,2640,2042,1614,1108,736,317,62,7
2341, NSW,83,100,86,71,68,87,76,71,79,70,116,123,130,123,124,74,55,29,9,5,0
2342, NSW,23,32,36,24,13,25,16,30,31,33,35,38,32,30,19,26,11,8,0,0,0
2343, NSW,306,311,319,294,220,237,258,245,290,342,323,372,360,325,267,209,153,89,32,7,0
2344, NSW,25,65,63,44,32,32,38,42,46,68,72,62,47,62,35,23,9,3,3,0,0
2345, NSW,43,36,49,36,34,46,40,42,55,53,49,55,53,59,33,15,17,5,0,0,0
2346, NSW,160,195,201,189,123,125,137,140,200,176,210,220,246,235,220,179,97,65,29,4,0
2347, NSW,108,110,88,81,52,73,93,63,83,95,154,151,162,148,157,148,84,53,13,5,0
2350, NSW,1477,1522,1753,1971,2113,1614,1480,1299,1467,1588,1734,1683,1408,1248,1043,827,556,377,129,32,3
2351, NSW,0,3,0,395,520,21,10,9,7,3,0,0,0,4,0,0,0,0,0,0,0
2352, NSW,201,187,201,165,115,128,162,157,175,170,181,190,186,176,143,90,51,22,8,0,0
2353, NSW,59,70,61,51,29,37,50,59,49,66,76,85,78,90,75,51,48,47,21,14,0
2354, NSW,200,214,217,184,142,158,158,154,207,228,267,265,276,290,248,173,85,67,26,9,0
2355, NSW,15,40,40,41,23,23,31,29,40,43,47,70,70,39,36,33,21,5,8,0,0
2356, NSW,9,11,13,15,8,0,0,12,8,11,9,14,11,21,8,9,5,0,0,0,0
2357, NSW,207,257,280,223,154,181,164,184,224,241,299,352,324,340,244,187,149,101,50,14,0
2358, NSW,188,247,243,229,152,146,173,187,221,215,297,308,332,309,208,133,98,67,15,0,0
2359, NSW,45,43,46,43,29,28,29,37,46,51,34,76,62,54,44,32,14,13,4,4,0
2360, NSW,967,989,981,934,818,779,770,702,857,891,914,966,884,905,761,639,399,239,95,26,7
2361, NSW,34,46,87,58,22,19,28,44,50,61,56,87,94,56,72,48,27,13,10,0,0
2365, NSW,221,291,239,213,169,175,184,199,229,202,268,273,256,279,229,124,86,67,20,10,0
2369, NSW,51,65,62,77,45,40,34,52,41,66,51,81,67,69,51,41,22,14,4,0,0
2370, NSW,423,464,483,430,351,355,389,385,436,438,465,591,553,593,485,347,242,166,66,26,4
2371, NSW,32,39,61,48,40,31,47,42,60,71,98,135,108,114,102,71,39,12,3,0,0
2372, NSW,219,280,252,230,157,177,149,208,273,244,282,408,489,485,353,238,164,99,39,5,0
2379, NSW,14,22,22,18,18,15,12,16,21,27,23,33,18,15,18,10,3,7,0,0,0
2380, NSW,797,769,625,601,548,683,656,594,589,619,627,685,601,545,446,403,302,194,77,13,0
2381, NSW,74,87,63,56,72,71,51,63,75,74,93,110,100,67,66,30,28,16,6,0,0
2382, NSW,70,111,70,99,73,52,52,88,87,106,92,81,73,89,61,58,36,21,6,3,0
2386, NSW,24,35,20,12,14,10,11,28,20,27,34,28,24,17,17,15,9,0,0,0,0
2387, NSW,11,16,16,5,16,12,13,9,12,18,18,17,14,12,12,9,8,0,0,0,0
2388, NSW,228,214,183,143,126,158,158,160,147,151,215,215,141,142,128,74,44,29,15,7,0
2390, NSW,620,662,538,515,446,532,497,493,529,522,648,658,552,488,367,308,202,99,56,19,4
2395, NSW,22,24,24,50,25,27,16,22,27,41,57,61,84,70,55,27,22,12,9,0,0
2396, NSW,29,59,57,33,40,39,42,43,45,42,60,55,69,79,66,36,40,17,7,0,0
2397, NSW,29,37,24,24,10,27,25,28,15,15,24,35,35,20,13,11,9,0,0,0,0
2398, NSW,16,16,14,11,18,13,7,9,15,22,16,20,27,5,10,6,7,3,0,0,0
2399, NSW,47,56,24,22,27,43,35,26,41,50,52,50,33,32,30,15,15,4,0,0,0
2400, NSW,794,783,574,565,600,665,620,637,630,694,675,661,554,545,410,317,195,109,41,6,0
2401, NSW,17,30,22,11,16,13,13,18,29,24,31,25,20,15,13,15,3,6,0,0,0
2402, NSW,120,101,114,100,89,88,69,74,82,117,124,136,111,141,125,100,52,33,19,7,0
2403, NSW,52,58,56,31,34,39,40,28,36,56,46,56,42,43,43,24,16,6,0,0,0
2404, NSW,74,91,91,81,59,47,65,71,92,114,147,128,138,184,157,122,95,51,24,10,0
2405, NSW,22,40,44,24,29,30,24,35,33,35,43,34,49,40,21,8,6,0,0,0,0
2408, NSW,29,34,23,19,28,22,18,19,23,37,32,28,20,20,11,11,0,0,0,0,0
2409, NSW,89,77,104,89,72,62,54,48,67,73,84,64,57,49,22,13,14,0,0,0,0
2410, NSW,19,16,19,10,14,10,6,17,14,21,20,21,28,31,13,14,0,0,0,0,0
2411, NSW,12,10,7,9,3,5,8,4,8,10,0,5,7,9,5,5,0,0,0,0,0
2415, NSW,16,23,39,20,19,23,13,17,26,42,41,24,27,19,27,11,8,0,0,0,0
2420, NSW,193,236,246,259,146,150,177,192,227,256,311,327,324,299,243,200,123,76,37,7,0
2421, NSW,106,150,121,143,87,62,99,130,95,141,143,143,129,128,67,45,20,15,3,3,0
2422, NSW,260,286,307,257,213,171,186,216,281,331,378,426,430,536,408,279,195,130,33,10,0
2423, NSW,113,137,145,147,102,110,102,103,142,227,267,286,286,285,197,148,89,50,21,3,0
2424, NSW,16,28,41,17,19,11,16,18,29,27,37,49,33,39,26,13,10,0,0,0,0
2425, NSW,90,122,125,102,73,65,58,101,116,147,150,140,127,105,92,78,53,28,11,4,0
2426, NSW,39,43,54,40,26,29,24,37,31,34,70,75,64,63,41,33,17,3,0,0,0
2427, NSW,80,104,112,116,75,66,70,106,138,131,188,250,375,467,373,214,140,71,21,9,0
2428, NSW,974,1139,1140,1156,772,796,859,942,1154,1244,1444,1751,2007,2375,2135,1649,1188,827,367,91,4
2429, NSW,453,614,540,583,395,407,379,373,495,623,786,842,846,796,635,389,285,184,66,25,0
2430, NSW,1792,2092,2043,1950,1521,1420,1460,1457,1859,2040,2185,2580,2641,2840,2232,1660,1079,777,307,80,10
2431, NSW,211,236,232,215,167,174,160,203,254,262,327,382,486,598,460,347,218,124,72,11,0
2439, NSW,145,172,188,161,108,93,105,124,162,207,231,226,257,289,227,140,72,27,10,3,0
2440, NSW,1230,1383,1371,1350,1101,1120,1059,1022,1207,1337,1541,1781,1678,1572,1111,813,524,380,176,49,0
2441, NSW,204,245,296,230,200,188,188,198,252,284,362,441,449,363,189,117,66,41,28,3,0
2443, NSW,281,345,378,376,208,262,244,267,397,439,633,712,838,947,840,691,539,337,129,23,3
2444, NSW,2315,2715,2671,2601,1924,2150,2192,2256,2690,2858,2939,3164,3023,3441,3167,2412,1810,1270,575,117,19
2445, NSW,294,381,444,425,199,168,226,286,391,486,483,496,483,597,531,319,146,83,29,6,0
2446, NSW,740,926,946,862,616,544,560,655,818,893,901,1011,947,949,768,506,349,218,94,26,5
2447, NSW,351,485,445,391,292,262,262,328,396,394,549,592,615,594,473,304,209,169,63,19,0
2448, NSW,426,450,438,455,313,341,346,320,416,446,602,767,776,850,723,542,371,251,132,21,5
2449, NSW,110,137,171,124,90,77,100,86,119,137,182,197,205,171,117,83,45,28,9,0,0
2450, NSW,2432,2822,2751,2649,2314,2262,2333,2283,2675,2924,2955,3218,3068,2930,2167,1716,1142,785,382,96,7
2452, NSW,808,1084,937,924,778,692,784,773,930,925,1059,1056,1063,995,774,604,452,297,154,32,0
2453, NSW,121,166,134,169,84,93,94,113,121,170,224,298,258,234,188,139,87,49,28,4,3
2454, NSW,412,555,546,449,227,274,338,376,509,558,584,669,647,504,350,231,171,105,62,21,0
2455, NSW,108,139,145,152,102,103,98,118,154,179,234,255,278,274,241,185,143,75,19,8,0
2456, NSW,868,930,912,825,641,842,817,769,881,901,973,1159,1224,1063,703,538,373,215,91,19,6
2460, NSW,1606,1838,1789,1845,1368,1439,1309,1455,1699,1803,2155,2312,2178,1995,1579,1140,854,548,241,55,4
2462, NSW,91,148,127,139,90,61,95,90,131,161,193,243,232,257,172,90,61,31,18,5,0
2463, NSW,311,393,458,433,262,220,240,294,469,467,541,632,653,692,536,393,279,165,77,25,3
2464, NSW,276,313,268,308,180,248,264,284,314,348,442,531,610,711,553,462,298,211,83,14,6
2465, NSW,11,19,11,13,22,11,22,9,13,10,27,26,27,19,29,7,10,0,0,0,0
2466, NSW,52,80,58,57,30,30,40,40,70,80,101,149,210,228,207,132,104,51,20,4,0
2469, NSW,132,199,213,231,126,104,119,169,184,252,384,467,456,398,266,149,95,50,18,3,0
2470, NSW,984,1066,1012,1035,810,738,660,771,866,921,1001,973,1058,980,801,630,469,294,112,33,3
2471, NSW,143,174,189,168,106,101,88,158,178,152,192,194,192,169,117,80,59,35,12,9,0
2472, NSW,114,131,94,105,79,80,92,119,101,116,155,145,164,132,95,87,43,16,0,3,0
2473, NSW,123,165,160,178,105,107,119,124,189,164,203,281,255,267,225,174,134,81,34,0,0
2474, NSW,294,380,366,376,240,216,252,253,349,432,505,617,611,507,335,225,202,114,59,14,0
2475, NSW,13,23,27,19,6,11,15,21,22,23,28,26,42,34,28,22,9,9,0,0,0
2476, NSW,36,35,60,41,40,20,25,29,50,49,63,75,64,61,48,40,22,16,7,0,0
2477, NSW,633,809,781,802,421,418,526,595,735,843,839,935,927,853,707,522,399,278,157,30,0
2478, NSW,1389,1564,1557,1502,1112,1148,1387,1428,1774,1832,2015,2170,2158,2179,1590,1269,960,804,385,77,9
2479, NSW,241,314,320,262,137,172,232,285,363,412,388,392,424,305,180,139,73,56,42,9,0
2480, NSW,2309,2814,2872,2859,2498,2187,2306,2513,2766,3046,3367,3591,3398,2773,1845,1360,924,756,314,83,13
2481, NSW,550,592,594,514,555,919,815,808,879,810,910,1002,983,740,444,255,159,133,71,23,6
2482, NSW,303,411,430,323,199,227,280,355,449,507,522,549,581,446,272,143,122,94,44,17,0
2483, NSW,549,620,639,634,402,422,521,621,814,818,841,947,923,704,442,314,186,150,58,10,0
2484, NSW,952,1250,1213,1107,759,736,866,975,1124,1313,1475,1679,1565,1331,845,661,489,335,150,46,12
2485, NSW,611,546,544,603,668,682,758,660,718,777,849,1032,1092,1159,1090,918,731,601,261,68,4
2486, NSW,1540,1775,1701,1812,1504,1238,1507,1503,1790,1910,1980,2178,2121,2404,2058,1772,1355,922,421,100,9
2487, NSW,788,823,842,755,521,526,687,805,939,864,964,1014,964,932,723,506,389,240,109,18,3
2488, NSW,230,216,211,199,138,150,173,224,233,273,256,312,217,126,111,80,60,43,4,4,0
2489, NSW,519,611,518,363,213,235,426,494,527,436,393,473,472,535,483,257,208,118,60,18,0
2490, NSW,43,39,40,44,29,44,33,33,34,42,61,63,58,47,24,12,9,3,5,0,0
2500, NSW,1807,1798,1682,2587,5689,4310,2998,2380,2282,2181,2210,2140,1958,1790,1479,1269,971,639,296,49,4
2502, NSW,898,835,673,680,767,782,777,771,731,774,798,800,618,617,568,555,460,248,74,13,0
2505, NSW,305,286,244,262,317,325,283,273,335,303,390,378,288,264,187,208,183,110,55,14,3
2506, NSW,479,529,436,494,487,502,470,416,443,480,534,575,455,370,264,267,230,124,36,5,3
2508, NSW,668,662,612,624,541,451,499,625,724,656,739,609,508,370,268,168,114,82,39,13,0
2515, NSW,665,822,782,658,517,499,555,729,856,825,851,887,746,641,413,269,206,140,61,9,0
2516, NSW,418,510,460,434,300,290,349,425,490,456,459,397,357,262,188,135,85,62,31,8,0
2517, NSW,919,941,897,806,721,659,818,883,987,965,886,884,798,717,609,461,384,255,117,36,0
2518, NSW,1119,1156,1042,1146,1192,1067,1182,1192,1229,1262,1336,1310,1101,1008,774,681,565,444,206,33,9
2519, NSW,1003,980,922,1034,1272,1071,1057,992,1122,1110,1107,1061,926,887,790,670,474,320,120,15,0
2522, NSW,0,0,0,150,117,20,12,6,0,0,0,0,0,0,0,0,0,0,0,0,0
2525, NSW,667,825,797,777,621,640,672,707,864,775,702,678,646,633,548,403,278,205,98,25,0
2526, NSW,864,1002,1060,1087,1038,849,910,873,1045,1040,1173,1090,982,786,586,384,380,274,160,44,3
2527, NSW,1455,1534,1469,1591,1384,1304,1396,1298,1435,1380,1505,1368,1158,997,717,530,377,303,159,41,0
2528, NSW,1351,1451,1309,1455,1469,1296,1265,1185,1359,1491,1599,1640,1524,1582,1381,1121,716,418,126,19,0
2529, NSW,1630,1831,1924,1798,1547,1357,1622,1636,1931,1831,1793,1736,1478,1378,952,701,479,292,89,13,0
2530, NSW,2126,2185,2155,2153,1827,1789,1984,2072,2144,2035,2087,1974,1737,1760,1430,1116,753,436,199,36,4
2533, NSW,803,826,963,909,797,650,703,768,931,980,1098,1244,1290,1141,952,645,460,321,129,30,0
2534, NSW,303,339,364,349,255,238,257,279,354,333,393,433,471,385,350,221,165,143,60,26,5
2535, NSW,333,364,306,288,238,246,291,330,351,363,409,626,651,708,637,510,332,232,96,25,0
2536, NSW,758,964,963,876,648,633,711,734,943,1009,1157,1373,1532,1771,1379,973,630,398,192,56,8
2537, NSW,418,594,630,622,400,357,434,465,642,689,875,1103,1167,1097,854,636,438,262,105,16,0
2538, NSW,95,153,140,118,53,46,103,94,107,159,174,193,231,245,156,95,90,94,41,14,0
2539, NSW,797,959,957,879,551,622,739,734,963,1020,1228,1543,1637,1752,1341,1050,679,396,130,18,0
2541, NSW,1627,1688,1506,1436,1572,1529,1557,1325,1388,1476,1488,1727,1690,1685,1315,1003,791,554,219,49,3
2545, NSW,46,43,52,62,30,36,32,44,54,72,103,106,127,112,68,39,17,13,7,0,0
2546, NSW,346,404,410,343,242,269,268,337,371,482,567,846,1101,1064,788,512,357,261,132,25,3
2548, NSW,279,347,347,350,305,277,289,298,366,444,504,631,701,793,638,500,334,206,102,16,0
2549, NSW,156,244,262,204,113,98,151,187,205,292,291,344,318,339,211,141,118,70,31,14,0
2550, NSW,781,987,1038,975,585,562,691,695,861,1097,1308,1529,1457,1190,826,569,382,223,96,13,0
2551, NSW,176,178,181,172,133,129,148,146,187,194,240,317,310,327,233,173,115,94,36,9,0
2555, NSW,12,15,22,8,10,13,19,21,13,14,14,18,18,13,9,6,0,0,0,0,0
2556, NSW,140,138,181,217,185,133,154,131,175,164,190,163,173,151,103,42,40,16,6,0,0
2557, NSW,814,628,620,586,616,888,850,658,633,503,485,425,386,356,232,130,84,39,15,7,0
2558, NSW,756,787,734,845,875,839,893,741,707,722,747,878,609,441,243,147,88,36,15,3,0
2559, NSW,281,340,351,321,264,197,174,172,173,173,154,134,111,103,60,18,23,3,0,0,0
2560, NSW,5484,5627,5127,5121,5704,5572,5722,5093,4914,4533,4668,4560,4298,3985,2640,1646,998,551,223,39,4
2563, NSW,12,21,34,20,20,22,22,16,18,15,21,21,21,12,9,8,9,3,0,0,0
2564, NSW,993,1102,1075,976,941,854,965,956,987,921,930,795,731,673,465,287,156,90,26,6,0
2565, NSW,1558,1389,1167,1244,1432,1498,1713,1492,1253,1224,1369,1330,1094,864,539,360,225,149,69,17,0
2566, NSW,1976,1964,1766,1818,1899,1926,2061,1837,1715,1596,1834,1818,1577,1083,635,386,208,152,46,14,0
2567, NSW,3071,3350,3204,3047,2472,2288,2730,2880,3425,2937,2488,2001,1569,1278,778,511,269,134,58,4,0
2568, NSW,44,40,65,75,67,48,48,34,62,73,83,52,69,70,87,67,69,46,24,7,0
2569, NSW,77,98,93,94,72,67,61,84,81,100,118,109,122,86,45,24,13,11,3,0,0
2570, NSW,3127,3112,2885,2438,2361,2871,3036,2840,2900,2535,2217,2223,2089,1859,1290,856,654,456,268,75,0
2571, NSW,895,950,898,832,682,681,842,758,915,888,851,783,637,519,321,191,124,55,23,3,0
2572, NSW,286,303,298,311,231,240,246,266,269,309,306,290,273,251,209,126,108,90,50,20,3
2573, NSW,386,387,324,333,329,339,310,292,357,331,299,316,289,260,195,148,93,50,20,0,0
2574, NSW,366,440,412,380,310,301,315,365,427,409,378,386,324,336,220,199,94,58,24,4,0
2575, NSW,887,1035,1027,1113,738,818,788,783,1019,1076,1092,1079,956,1006,821,561,373,208,81,18,0
2576, NSW,524,751,841,735,415,344,390,524,711,863,822,880,923,1250,1176,947,678,405,206,43,0
2577, NSW,804,961,1028,1006,624,692,722,730,952,1013,1112,1144,1116,1187,1003,615,376,209,101,22,6
2578, NSW,94,120,160,134,68,60,72,75,137,156,199,193,257,316,276,168,103,70,29,14,0
2579, NSW,205,297,257,195,153,151,173,198,254,285,307,294,322,343,247,189,90,42,13,4,3
2580, NSW,1723,1793,1731,1734,1631,1726,1760,1650,1837,1959,2053,2023,1916,1812,1431,996,694,493,189,48,6
2581, NSW,171,132,127,110,88,102,114,98,162,170,168,151,146,115,110,58,36,22,5,0,0
2582, NSW,793,908,916,768,555,537,623,719,991,1007,895,898,788,727,472,343,248,173,75,10,8
2583, NSW,214,217,275,259,179,170,173,182,209,262,381,374,342,358,268,219,175,87,39,7,0
2584, NSW,36,41,33,19,16,25,33,30,32,44,29,48,35,34,37,23,11,4,8,0,0
2585, NSW,20,13,20,12,7,3,13,12,6,12,16,20,21,13,14,9,4,0,0,0,0
2586, NSW,114,160,140,173,130,92,106,111,145,198,190,210,232,213,172,96,62,49,19,5,0
2587, NSW,171,178,158,161,95,133,123,133,147,177,195,226,187,276,196,150,94,66,28,8,3
2588, NSW,8,18,20,8,9,6,8,16,12,21,28,29,28,29,13,13,4,7,0,0,0
2590, NSW,349,438,420,359,308,269,330,328,390,395,456,543,540,555,460,435,243,191,75,11,4
2594, NSW,756,899,824,752,615,580,586,648,695,692,776,727,705,772,561,448,307,217,84,27,3
2619, NSW,612,846,822,809,520,385,553,631,846,1035,875,558,384,256,160,120,58,33,9,5,0
2621, NSW,412,470,468,406,253,268,341,407,488,588,482,448,355,309,173,93,49,25,13,4,0
2622, NSW,201,238,205,199,117,127,181,170,272,293,299,385,321,340,263,159,77,50,24,7,0
2623, NSW,50,41,34,25,29,27,58,42,53,36,57,41,36,33,12,16,4,3,0,0,0
2625, NSW,4,24,13,6,34,41,37,28,39,36,31,35,22,12,6,3,3,0,0,0,0
2626, NSW,25,35,35,37,14,22,24,33,37,43,43,56,31,25,20,11,7,5,0,0,0
2627, NSW,195,302,333,295,364,386,308,290,394,367,339,293,253,209,118,81,46,28,6,3,0
2628, NSW,108,129,126,87,82,94,87,114,114,139,156,181,129,136,94,49,45,19,5,4,0
2629, NSW,15,26,21,17,19,17,18,16,27,34,37,45,57,53,58,37,25,10,3,5,0
2630, NSW,406,518,482,532,422,426,456,429,550,629,658,637,574,587,478,357,285,150,98,17,0
2631, NSW,27,30,42,38,20,20,27,19,22,47,50,55,46,53,31,22,13,3,3,0,0
2632, NSW,111,120,97,94,73,76,99,93,102,119,140,139,147,158,99,58,44,38,24,12,0
2633, NSW,19,22,11,16,16,14,20,16,11,18,29,44,39,34,27,18,11,14,0,4,0
2640, NSW,2355,2275,2310,2362,2488,2271,2274,2204,2299,2433,2291,2357,2079,1881,1479,1125,858,615,301,75,9
2641, NSW,937,916,864,906,1030,968,1002,877,851,916,920,1008,1002,889,713,556,383,222,90,20,0
2642, NSW,306,385,406,303,192,176,250,240,324,328,380,392,379,264,198,124,70,41,16,14,0
2643, NSW,162,157,177,152,118,86,130,145,159,151,158,223,218,255,176,122,88,57,25,4,0
2644, NSW,146,147,164,144,78,99,118,98,104,167,188,204,167,204,133,107,58,58,24,8,0
2645, NSW,12,30,25,23,14,10,8,16,18,31,30,46,27,35,27,20,15,5,8,3,0
2646, NSW,331,423,406,403,318,298,261,292,334,411,478,522,501,528,419,344,252,161,62,19,0
2647, NSW,115,113,109,92,70,87,90,104,109,112,139,134,175,226,185,149,82,50,15,0,0
2648, NSW,122,114,96,103,118,90,113,84,107,149,189,223,216,224,163,108,75,49,27,7,0
2649, NSW,4,0,0,0,0,0,6,0,0,0,3,0,3,4,6,0,0,0,0,0,0
2650, NSW,3857,4042,3780,3766,4220,3974,3799,3413,3507,3514,3434,3558,3162,2700,2082,1657,1188,801,427,93,9
2651, NSW,172,198,149,202,232,224,192,171,146,117,125,92,88,64,47,23,14,7,5,0,0
2652, NSW,300,329,303,271,253,230,234,231,281,344,372,336,338,305,188,116,88,56,9,3,0
2653, NSW,148,130,136,122,114,119,159,147,162,166,172,211,182,187,138,98,69,38,27,6,0
2655, NSW,95,84,91,82,46,61,57,68,74,92,81,104,107,87,59,56,45,30,4,5,0
2656, NSW,76,84,82,77,51,46,51,54,63,65,91,99,89,95,74,59,52,30,13,10,0
2658, NSW,89,111,123,79,62,47,59,55,68,101,84,98,107,126,82,63,43,28,22,4,0
2659, NSW,56,66,71,90,23,20,52,44,54,42,69,80,46,44,56,39,18,17,0,0,0
2660, NSW,86,129,146,104,81,60,82,74,84,93,110,99,123,114,95,66,26,26,9,4,0
2661, NSW,29,19,14,149,161,110,70,36,28,12,0,3,0,0,0,0,0,0,0,0,0
2663, NSW,272,321,295,270,361,385,383,369,357,340,327,351,313,282,211,142,100,64,30,5,0
2665, NSW,134,158,161,124,67,85,82,112,137,142,175,162,176,164,132,84,68,44,17,4,0
2666, NSW,332,392,354,369,240,276,255,254,286,350,413,413,379,393,323,264,185,130,52,18,5
2668, NSW,31,41,31,27,18,11,19,26,36,29,25,45,37,40,21,11,7,5,0,0,0
2669, NSW,110,123,116,89,71,51,61,89,110,118,123,141,121,103,68,83,45,21,9,0,0
2671, NSW,243,305,276,229,195,212,247,218,226,220,251,311,254,235,190,171,147,112,48,12,0
2672, NSW,128,134,89,107,88,73,115,84,92,67,90,100,95,86,72,61,47,26,19,0,0
2675, NSW,107,94,95,98,96,110,112,83,114,105,107,116,96,49,63,48,42,31,14,8,0
2678, NSW,0,0,0,95,212,17,0,0,0,0,0,0,0,0,0,0,0,0,0,0,0
2680, NSW,1680,1678,1626,1522,1447,1731,1611,1417,1471,1510,1552,1480,1340,1086,800,749,594,419,178,41,0
2681, NSW,109,111,150,105,84,107,70,101,114,143,130,129,99,90,73,45,28,20,8,0,0
2700, NSW,303,341,295,281,256,215,257,237,291,286,316,386,325,342,272,190,151,107,48,11,8
2701, NSW,146,188,190,155,119,90,93,143,139,144,150,162,132,159,126,92,87,42,28,3,0
2702, NSW,48,59,63,44,18,29,34,38,28,69,47,52,50,60,52,48,23,9,3,0,0
2703, NSW,38,50,171,241,30,35,26,36,39,44,42,61,41,39,31,29,17,16,0,0,0
2705, NSW,666,662,711,714,556,597,534,498,644,672,714,733,579,531,471,380,272,135,76,12,0
2706, NSW,63,92,88,65,60,80,51,64,87,75,92,79,73,65,54,40,19,11,0,0,0
2707, NSW,91,110,94,100,75,73,76,79,73,92,110,98,68,71,40,49,35,15,9,3,0
2710, NSW,558,635,595,548,525,511,450,479,615,624,668,810,784,677,539,459,322,212,76,25,5
2711, NSW,171,205,214,196,175,180,184,143,190,211,300,277,225,211,174,133,110,44,10,4,0
2712, NSW,64,71,80,71,61,61,53,61,65,81,93,104,106,125,87,78,52,38,12,14,0
2713, NSW,162,164,180,172,124,140,115,131,150,150,162,219,229,203,173,138,87,63,35,9,0
2714, NSW,163,173,127,109,84,100,114,115,138,134,130,211,236,317,249,160,118,73,25,3,0
2715, NSW,96,109,82,86,74,70,63,76,80,93,116,132,109,88,65,60,42,22,4,0,0
2716, NSW,52,60,77,66,36,69,49,57,62,59,78,114,84,78,58,56,23,24,8,0,0
2717, NSW,74,82,84,107,67,67,62,52,97,96,95,97,110,90,62,52,31,14,11,0,0
2720, NSW,459,545,522,454,389,352,443,437,478,508,567,593,533,530,402,310,221,175,61,18,4
2721, NSW,13,16,14,12,7,7,11,7,11,20,25,22,9,21,16,15,9,0,5,0,0
2722, NSW,193,188,247,216,153,143,160,176,176,187,215,234,223,217,164,136,81,58,25,9,0
2725, NSW,20,25,26,12,5,3,18,11,28,25,24,25,35,38,30,20,5,8,4,0,0
2726, NSW,11,12,14,12,11,4,12,17,10,8,21,26,23,19,6,4,7,0,0,0,0
2727, NSW,22,29,38,25,15,16,25,20,20,22,21,26,20,17,7,11,11,7,0,0,0
2729, NSW,97,127,137,99,63,48,80,99,123,100,125,128,123,106,103,71,45,18,10,3,0
2730, NSW,65,59,73,62,55,87,60,50,78,82,92,114,127,126,84,60,51,39,6,4,0
2731, NSW,359,404,364,341,227,298,376,278,372,417,355,421,428,544,499,339,212,117,36,14,5
2732, NSW,83,85,84,71,66,68,50,54,79,99,134,163,161,158,119,102,92,65,26,9,0
2733, NSW,42,36,31,18,17,28,30,34,20,25,42,50,57,32,38,30,13,16,6,0,0
2734, NSW,23,35,32,37,24,3,16,29,27,18,46,40,57,38,25,11,9,0,0,0,0
2735, NSW,17,33,29,37,21,24,19,17,23,28,37,50,42,41,14,14,0,0,3,0,0
2736, NSW,26,17,16,20,12,20,23,17,23,25,28,22,31,10,31,36,15,10,0,0,0
2737, NSW,55,85,75,46,63,46,48,53,57,44,51,58,78,50,9,12,12,0,0,0,0
2738, NSW,123,140,131,108,60,78,94,113,124,111,116,103,100,112,52,56,27,9,7,0,0
2739, NSW,100,107,90,82,85,75,95,69,96,106,92,106,86,91,59,32,26,10,5,0,0
2745, NSW,2227,2440,2327,2277,1918,2029,2177,2098,2334,2171,1903,1723,1341,1088,636,425,234,106,51,11,0
2747, NSW,3644,3088,2632,2597,3069,3605,3857,3247,2936,2500,2245,2303,2128,1863,1141,715,417,273,143,28,0
2748, NSW,61,101,124,170,162,111,79,70,109,194,152,141,83,114,95,52,37,14,5,0,0
2749, NSW,1407,1258,1206,1250,1276,1368,1309,1143,1156,1116,1144,1077,803,583,350,246,139,67,27,0,0
2750, NSW,2970,2982,2633,2641,2808,3208,3363,3281,3004,2724,2621,2569,2578,2554,1801,1239,862,585,292,79,9
2752, NSW,309,373,391,386,336,280,287,297,374,357,370,353,280,213,126,81,64,17,17,4,0
2753, NSW,916,1111,1149,1249,1225,1097,1023,960,1143,1200,1197,1108,930,941,621,486,371,248,125,38,0
2754, NSW,351,346,377,392,375,356,330,315,345,417,332,351,356,321,284,205,134,75,32,8,0
2755, NSW,11,12,12,25,83,45,11,17,16,21,4,5,0,0,0,0,0,0,0,0,0
2756, NSW,2481,2460,2343,2368,2343,2455,2242,2099,2329,2519,2519,2223,1703,1465,988,681,386,221,83,17,3
2757, NSW,36,64,70,57,59,37,32,30,60,71,62,53,62,62,53,23,15,7,6,0,0
2758, NSW,452,552,665,640,487,389,335,463,638,764,722,720,557,506,385,192,122,69,33,15,0
2759, NSW,1765,1851,1773,1940,2075,2000,1847,1775,1681,1742,1938,2131,1594,1088,550,271,171,85,36,11,0
2760, NSW,2969,2618,1954,2001,2565,2829,3028,2554,2164,1983,1823,1821,1498,1326,1015,721,532,274,128,26,0
2761, NSW,2350,2504,2480,2606,2342,2208,2306,2239,2335,2253,2129,1790,1287,847,503,313,217,159,78,21,3
2762, NSW,481,402,338,303,315,418,515,467,358,307,271,217,206,147,98,77,34,24,6,0,0
2763, NSW,2533,2553,2060,2113,2032,2020,2791,2802,2333,2043,1930,1676,1442,1164,604,349,206,145,58,9,3
2765, NSW,989,1054,947,1087,1123,1185,1150,1183,1137,1144,1028,955,880,829,631,386,225,131,51,15,0
2766, NSW,1073,1101,991,1133,1136,1100,1179,1183,1008,940,958,929,811,695,409,266,248,208,143,31,5
2767, NSW,1558,1645,1483,1615,1684,1622,1848,1701,1524,1471,1445,1475,1225,954,552,306,226,115,61,6,0
2768, NSW,2026,2404,2237,2193,1850,1684,2080,2710,2643,2245,1894,1445,1178,944,543,381,177,90,15,0,0
2769, NSW,1368,1248,828,580,503,683,1388,1518,1128,682,509,373,368,232,168,80,44,24,9,4,0
2770, NSW,5190,5266,4759,4765,4634,4383,4305,3833,3711,3827,3690,3268,2750,2671,1929,1246,653,300,104,13,0
2773, NSW,300,420,442,423,327,223,249,335,481,436,467,449,418,366,275,164,131,66,31,0,0
2774, NSW,835,906,930,856,672,662,732,876,888,904,842,883,900,811,561,356,180,97,40,8,5
2775, NSW,44,55,80,76,47,48,49,72,103,133,148,130,137,130,143,60,24,11,0,4,0
2776, NSW,259,292,281,273,213,193,229,238,279,295,286,315,273,233,152,105,59,33,14,0,0
2777, NSW,960,1223,1182,1216,856,683,886,988,1260,1292,1164,1291,1197,1122,775,490,442,346,191,45,0
2778, NSW,117,135,179,186,111,111,82,114,180,193,233,225,207,145,94,57,45,22,8,0,0
2779, NSW,352,383,364,317,252,210,284,332,394,344,328,353,313,314,181,123,82,42,13,7,0
2780, NSW,588,627,673,719,650,540,633,709,845,936,933,1131,1164,1094,813,514,322,197,108,21,3
2782, NSW,294,363,336,317,189,210,250,287,350,422,397,465,533,565,425,260,226,108,44,23,3
2783, NSW,157,163,165,148,134,94,153,136,166,204,211,246,214,166,101,72,53,32,8,5,0
2784, NSW,81,75,73,79,48,53,55,77,88,111,106,95,81,91,55,23,19,3,4,0,0
2785, NSW,228,262,220,168,141,168,179,205,293,310,384,400,415,415,347,200,122,66,18,4,0
2786, NSW,65,64,72,76,42,62,67,66,86,105,96,94,105,96,81,59,24,17,8,0,0
2787, NSW,258,260,240,282,279,234,197,224,225,312,290,292,332,373,286,149,114,62,32,5,3
2790, NSW,884,874,829,900,867,916,841,747,991,977,1152,1186,1044,1101,928,652,446,275,118,24,0
2791, NSW,11,18,16,10,10,17,6,7,16,26,26,29,37,28,20,33,21,15,3,0,0
2792, NSW,19,22,22,22,9,12,14,25,33,24,35,30,38,28,22,21,18,8,0,0,0
2793, NSW,35,43,50,51,51,27,37,42,40,65,72,92,97,119,78,51,13,0,0,0,0
2794, NSW,587,637,629,624,569,472,461,506,569,652,707,696,749,750,562,509,353,258,112,27,6
2795, NSW,2613,2873,2875,3066,3200,2736,2533,2381,2656,2780,2682,2677,2470,2286,1748,1188,880,599,217,82,12
2797, NSW,33,23,26,21,24,21,25,27,17,30,20,37,26,33,27,14,11,12,0,0,0
2798, NSW,146,196,193,120,64,90,94,123,161,168,137,155,143,129,80,58,30,15,0,0,0
2799, NSW,243,288,292,299,222,227,204,224,238,282,306,297,245,215,187,141,102,81,29,4,0
2800, NSW,3273,3379,2960,2995,2502,2818,2981,2726,2953,2939,2782,2788,2460,2345,1772,1325,1033,609,291,58,7
2803, NSW,13,13,13,11,15,10,4,13,16,21,29,34,31,27,19,16,6,0,0,0,0
2804, NSW,130,208,193,148,102,103,115,111,164,172,221,193,180,181,168,130,71,51,25,10,0
2805, NSW,28,25,35,24,4,11,17,20,17,34,22,26,40,34,30,11,14,0,0,0,0
2806, NSW,22,40,59,24,33,40,28,38,39,52,64,62,70,60,51,39,33,11,11,0,0
2807, NSW,12,29,33,16,13,3,13,19,24,27,34,31,45,42,30,31,12,3,0,0,0
2808, NSW,0,0,9,11,4,0,3,3,13,12,18,22,17,33,21,8,0,0,3,0,0
2809, NSW,10,26,11,8,4,5,11,17,8,10,25,27,16,18,20,13,12,0,0,0,0
2810, NSW,167,185,177,160,105,119,116,170,167,175,204,231,256,291,220,171,95,86,38,13,0
2817, NSW,14,25,7,18,13,13,21,18,12,13,18,27,29,23,21,9,6,4,0,0,0
2818, NSW,52,80,61,48,41,33,51,51,41,68,57,79,54,47,45,28,10,6,5,0,0
2820, NSW,441,430,409,446,471,447,438,349,400,423,497,512,467,510,377,287,210,127,60,16,9
2821, NSW,352,391,332,288,240,227,272,234,262,280,287,363,321,280,259,180,135,82,37,0,0
2822, NSW,16,18,21,25,20,14,13,15,14,36,32,40,46,34,26,15,13,3,0,0,0
2823, NSW,103,87,87,71,75,77,58,79,77,89,101,90,83,112,84,52,41,27,16,0,0
2824, NSW,151,166,123,106,110,118,113,110,114,131,146,173,129,152,127,90,58,28,14,9,0
2825, NSW,174,164,149,155,146,150,125,108,155,154,177,140,104,124,134,97,72,46,11,3,0
2826, NSW,13,14,18,9,5,8,16,8,10,15,20,20,14,10,8,9,8,4,0,0,0
2827, NSW,221,239,223,203,191,197,169,168,197,223,254,275,240,232,211,210,110,86,29,6,0
2828, NSW,64,77,41,34,47,38,32,43,43,62,70,63,51,55,32,41,14,18,3,0,0
2829, NSW,214,196,219,171,166,188,176,132,170,224,211,221,206,204,150,100,73,56,17,3,0
2830, NSW,2936,3002,2588,2541,2558,2854,2709,2369,2494,2553,2541,2609,2223,1904,1502,1252,816,575,236,34,7
2831, NSW,155,142,135,89,80,104,115,107,116,150,165,146,125,106,81,50,24,12,3,0,0
2832, NSW,208,242,163,117,156,196,169,134,157,158,167,204,170,127,88,55,26,11,9,3,0
2833, NSW,55,54,40,33,25,56,32,49,39,24,37,41,50,46,25,20,12,8,3,0,0
2834, NSW,107,114,126,96,104,105,108,119,104,149,193,200,174,193,201,150,63,31,3,3,0
2835, NSW,345,328,251,220,230,324,338,264,269,211,310,290,223,184,129,112,77,47,22,4,0
2836, NSW,82,69,44,63,59,63,78,50,59,59,53,53,59,56,33,12,7,9,3,0,0
2838, NSW,15,22,16,11,14,21,19,13,13,24,10,19,23,13,13,0,0,0,0,0,0
2839, NSW,106,117,86,78,103,122,61,61,67,104,127,102,65,43,31,21,23,16,4,0,0
2840, NSW,224,221,186,130,166,191,189,145,158,215,201,171,137,127,89,65,42,33,10,0,0
2842, NSW,38,56,33,23,21,27,34,32,37,37,45,41,62,61,33,28,14,13,5,0,0
2843, NSW,62,101,87,74,47,50,55,66,79,77,95,83,104,88,84,66,45,12,11,0,0
2844, NSW,79,106,89,64,83,44,53,54,71,83,110,90,85,103,117,92,56,35,9,6,0
2845, NSW,131,161,146,114,98,116,105,124,134,113,143,138,146,134,85,41,33,30,3,3,0
2846, NSW,12,16,18,9,8,11,12,9,11,24,17,38,20,22,28,7,7,7,0,0,0
2847, NSW,119,148,141,148,114,108,107,135,126,140,182,202,191,190,155,109,59,31,6,5,0
2848, NSW,80,80,95,94,62,57,55,69,86,119,132,135,131,127,144,93,48,19,12,0,0
2849, NSW,83,67,98,63,40,66,64,70,70,115,112,117,139,155,129,74,43,23,3,0,0
2850, NSW,1258,1287,1123,991,842,982,1098,991,1097,1264,1266,1234,984,1026,861,587,396,232,104,21,4
2852, NSW,276,267,224,199,161,185,183,210,195,227,216,237,254,254,184,119,86,43,14,3,0
2864, NSW,51,65,50,55,28,32,39,47,41,65,62,44,53,58,50,35,26,10,3,0,0
2865, NSW,62,47,59,57,27,39,46,36,67,66,55,64,62,93,28,27,20,7,3,0,0
2866, NSW,242,243,228,224,119,122,160,184,195,171,186,197,181,196,139,107,98,46,42,4,0
2867, NSW,48,47,41,18,15,22,36,43,28,21,43,62,37,48,34,25,11,10,0,0,0
2868, NSW,36,41,56,35,28,36,22,37,37,28,45,58,35,43,40,36,13,16,10,4,0
2869, NSW,63,80,86,79,75,34,67,65,89,96,111,108,126,105,101,73,32,34,10,0,0
2870, NSW,820,896,783,859,704,657,718,641,665,742,783,788,700,624,525,428,339,228,97,31,0
2871, NSW,618,650,637,620,477,504,473,465,500,550,649,592,586,602,489,405,295,166,61,23,8
2873, NSW,30,34,37,18,15,34,24,26,38,30,46,39,30,58,25,38,27,17,3,0,0
2874, NSW,15,23,25,17,9,11,23,20,26,25,49,29,38,38,31,16,12,7,7,3,0
2875, NSW,60,75,60,45,39,34,35,51,38,74,69,98,87,74,42,34,22,22,5,3,0
2876, NSW,25,36,35,28,17,11,10,20,31,28,25,27,45,31,14,13,8,6,0,0,0
2877, NSW,324,285,274,202,250,230,251,202,200,200,252,269,244,201,163,143,105,82,18,0,0
2878, NSW,23,18,16,16,18,33,22,21,27,31,35,27,25,24,14,10,6,0,0,0,0
2879, NSW,43,31,34,33,30,32,38,31,24,39,44,60,57,46,42,22,15,0,3,3,0
2880, NSW,1016,1064,980,969,1002,1153,1036,908,1036,1149,1281,1446,1296,1179,922,686,546,433,131,36,3
2898, NSW,23,26,14,5,16,21,23,39,30,17,40,36,23,16,16,17,11,10,8,0,0